id,title,score,num_comments,author,created_utc,url,over_18,edited,spoiler,stickied
1ls6qwb,When data cleaning turns into a full-time chase,846,40,victorviro,2025-07-05 10:24:00,https://i.redd.it/1md7uug981bf1.jpeg,False,False,False,False
1lft61l,What are the “hard” topics in data engineering?,547,177,hijkblck93,2025-06-20 02:45:00,https://i.redd.it/7ln7jfmpwz7f1.jpeg,False,False,False,False
1lrh9w5,2025 Open Source Tech Stack,537,87,DataCraftsman,2025-07-04 12:15:10,https://i.redd.it/0bwy1conkuaf1.png,False,False,False,False
1lvk417,"Let's talk about the elephant in the room, Recruiters don't realize that all cloud platforms are similar and an Engineer working with Databricks can work with GCP",458,107,HMZ_PBI,2025-07-09 14:24:26,https://www.reddit.com/r/dataengineering/comments/1lvk417/lets_talk_about_the_elephant_in_the_room/,False,False,False,False
1lhgnlz,Interviewer keeps praising me because I wrote tests,355,73,psgpyc,2025-06-22 05:50:36,https://www.reddit.com/r/dataengineering/comments/1lhgnlz/interviewer_keeps_praising_me_because_i_wrote/,False,False,False,False
1lvyzbc,Vibe / Citizen Developers bringing our Datawarehouse to it's knees,357,136,Swimming_Cry_6841,2025-07-10 00:28:06,https://www.reddit.com/r/dataengineering/comments/1lvyzbc/vibe_citizen_developers_bringing_our/,False,False,False,False
1lkfghr,I don't enjoy working with AI...do you?,259,90,clueless3867,2025-06-25 19:43:59,https://www.reddit.com/r/dataengineering/comments/1lkfghr/i_dont_enjoy_working_with_aido_you/,False,False,False,False
1lbfcwa,When Does Spark Actually Make Sense?,248,110,Used_Shelter_3213,2025-06-14 18:21:08,https://www.reddit.com/r/dataengineering/comments/1lbfcwa/when_does_spark_actually_make_sense/,False,False,False,False
1ln8qj0,Influencers ruin expectations,231,81,vuncentV7,2025-06-29 07:24:20,https://www.reddit.com/r/dataengineering/comments/1ln8qj0/influencers_ruin_expectations/,False,False,False,False
1lhn1x9,I talked to someone telling Gen AI is going to take up the DE job,220,162,Own-Foot7556,2025-06-22 12:46:38,https://www.reddit.com/r/dataengineering/comments/1lhn1x9/i_talked_to_someone_telling_gen_ai_is_going_to/,False,False,False,False
1lg1psr,The Data Engineering Toolkit,220,9,sspaeti,2025-06-20 11:33:08,https://toolkit.ssp.sh/,False,False,False,False
1lwwf8o,badSchemaDriftFix,210,6,op3rator_dec,2025-07-11 03:19:58,https://i.redd.it/p0wnay43y5cf1.png,False,False,False,False
1luo14z,de trends of 2025,208,18,Dependent_Gur1387,2025-07-08 13:04:17,https://www.reddit.com/r/dataengineering/comments/1luo14z/de_trends_of_2025/,False,False,False,False
1lpiow1,"Job title was “Data Engineer”, didn’t build any pipelines",199,59,evidenciary,2025-07-02 00:58:36,https://www.reddit.com/r/dataengineering/comments/1lpiow1/job_title_was_data_engineer_didnt_build_any/,False,False,False,False
1ljq8r4,Unit tests != data quality checks. CMV.,194,32,EarthGoddessDude,2025-06-24 23:20:59,https://www.reddit.com/r/dataengineering/comments/1ljq8r4/unit_tests_data_quality_checks_cmv/,False,False,False,False
1lby55q,Processing 50 Million Brazilian Companies: Lessons from Building an Open-Source Government Data Pipeline,194,25,caiopizzol,2025-06-15 11:29:19,https://www.reddit.com/r/dataengineering/comments/1lby55q/processing_50_million_brazilian_companies_lessons/,False,False,False,False
1lkd2ju,Meta: can we ban any ai generated post?,186,33,ThroughTheWire,2025-06-25 18:12:01,https://www.reddit.com/r/dataengineering/comments/1lkd2ju/meta_can_we_ban_any_ai_generated_post/,False,False,False,False
1lcprv1,I'm Data Engineer but doing Power BI,173,78,Irachar,2025-06-16 10:56:28,https://www.reddit.com/r/dataengineering/comments/1lcprv1/im_data_engineer_but_doing_power_bi/,False,False,False,False
1luwsgw,Sail 0.3: Long Live Spark,162,33,lake_sail,2025-07-08 18:47:33,https://lakesail.com/blog/sail-0-3/,False,False,False,False
1lenuvj,How many of you are still using Apache Spark in production - and would you choose it again today?,152,144,luminoumen,2025-06-18 17:56:59,https://www.reddit.com/r/dataengineering/comments/1lenuvj/how_many_of_you_are_still_using_apache_spark_in/,False,False,False,False
1lf5tpn,What Are the Best Podcasts to Stay Ahead in Data Engineering?,155,33,smithreen,2025-06-19 08:42:50,https://www.reddit.com/r/dataengineering/comments/1lf5tpn/what_are_the_best_podcasts_to_stay_ahead_in_data/,False,False,False,False
1lku9bc,Got lowballed and nerfed in salary talks,144,129,Safe-Ice2286,2025-06-26 07:51:05,https://www.reddit.com/r/dataengineering/comments/1lku9bc/got_lowballed_and_nerfed_in_salary_talks/,False,False,False,False
1li6szz,Is Kimball outdated now?,145,128,fake-bird-123,2025-06-23 03:47:30,https://www.reddit.com/r/dataengineering/comments/1li6szz/is_kimball_outdated_now/,False,False,False,False
1lkrxqu,The real data is in the comments,140,13,anooptommy,2025-06-26 05:23:17,https://www.reddit.com/r/dataengineering/comments/1lkrxqu/the_real_data_is_in_the_comments/,False,False,False,False
1ldclby,I’m a data engineer with only Azure and sql,132,31,Available_Fig_1157,2025-06-17 03:07:26,https://www.reddit.com/r/dataengineering/comments/1ldclby/im_a_data_engineer_with_only_azure_and_sql/,False,False,False,False
1lt6d2y,dbt cloud is brainless and useless,129,73,RutabagaJumpy2134,2025-07-06 17:08:16,https://www.reddit.com/r/dataengineering/comments/1lt6d2y/dbt_cloud_is_brainless_and_useless/,False,False,False,False
1lioeql,Why data engineers don’t test: according to Reddit,128,95,PotokDes,2025-06-23 18:30:25,https://www.reddit.com/r/dataengineering/comments/1lioeql/why_data_engineers_dont_test_according_to_reddit/,False,False,False,False
1lgdi0i,Rejected for no python,111,89,Salty_fish,2025-06-20 19:59:44,https://www.reddit.com/r/dataengineering/comments/1lgdi0i/rejected_for_no_python/,False,False,False,False
1lxxka0,An attempt at vibe coding as a Data Engineer,122,42,roey132,2025-07-12 10:50:08,https://www.reddit.com/r/dataengineering/comments/1lxxka0/an_attempt_at_vibe_coding_as_a_data_engineer/,False,False,False,False
1locdq1,What’s your favorite underrated tool in the data engineering toolkit?,111,130,eb0373284,2025-06-30 16:41:31,https://www.reddit.com/r/dataengineering/comments/1locdq1/whats_your_favorite_underrated_tool_in_the_data/,False,False,False,False
1likh9u,Denmark Might Dump Microsoft—What’s Your All-Open-Source Data Stack?,106,92,One_Nature4993,2025-06-23 16:02:40,https://www.reddit.com/r/dataengineering/comments/1likh9u/denmark_might_dump_microsoftwhats_your/,False,False,False,False
1lemz44,Why do you all want to do data engineering?,100,107,sqdcn,2025-06-18 17:22:39,https://www.reddit.com/r/dataengineering/comments/1lemz44/why_do_you_all_want_to_do_data_engineering/,False,False,False,False
1lpd4t0,How do you upskill when your job is so demanding?,100,32,thro0away12,2025-07-01 20:53:11,https://www.reddit.com/r/dataengineering/comments/1lpd4t0/how_do_you_upskill_when_your_job_is_so_demanding/,False,False,False,False
1lm5zle,What is happening in the Swedish job market right now?,101,78,BadBouncyBear,2025-06-27 21:43:18,https://www.reddit.com/r/dataengineering/comments/1lm5zle/what_is_happening_in_the_swedish_job_market_right/,False,False,False,False
1lsf7v9,Does your company also have like a 1000 data silos? How did you deal??,92,49,Special-Leadership75,2025-07-05 17:28:42,https://www.reddit.com/r/dataengineering/comments/1lsf7v9/does_your_company_also_have_like_a_1000_data/,False,False,False,False
1lnphtn,[META] Thank you mods for being on top of reports lately!,95,4,Green_Gem_,2025-06-29 21:01:35,https://www.reddit.com/r/dataengineering/comments/1lnphtn/meta_thank_you_mods_for_being_on_top_of_reports/,False,False,False,False
1ltc2xh,"What I Learned From Processing All of Statistics Canada's Tables (178.33 GB of ZIP files, 3314.57 GB uncompressed)",90,17,diegoeripley,2025-07-06 21:06:29,https://www.reddit.com/r/dataengineering/comments/1ltc2xh/what_i_learned_from_processing_all_of_statistics/,False,False,False,False
1lfj3uh,"Is Factorio really that good of a game for Data Engineers? Does it help to ""think like a data engineer""?",88,45,Illustrious-Pound266,2025-06-19 19:03:58,https://www.reddit.com/r/dataengineering/comments/1lfj3uh/is_factorio_really_that_good_of_a_game_for_data/,False,False,False,False
1lxbn1z,"Working with wide tables 1000 columns, million rows and need to perform interactive SQL queries",87,136,Less_Juggernaut2950,2025-07-11 16:37:36,https://www.reddit.com/r/dataengineering/comments/1lxbn1z/working_with_wide_tables_1000_columns_million/,False,False,False,False
1leptee,Why Apache Spark is often considered as slow?,85,37,ssinchenko,2025-06-18 19:13:21,https://semyonsinchenko.github.io/ssinchenko/post/why-spark-is-slow/,False,False,False,False
1lprtja,Top 10 Data Engineering Research papers that are must read in 2025,86,30,subhanhg,2025-07-02 09:57:11,https://dataheimer.substack.com/p/top-10-data-engineering-research,False,False,False,False
1llt6y9,"Do you use CDC? If yes, how does it benefit you?",84,88,wtfzambo,2025-06-27 12:56:16,https://www.reddit.com/r/dataengineering/comments/1llt6y9/do_you_use_cdc_if_yes_how_does_it_benefit_you/,False,False,False,False
1lcqqh6,Fabric Cost is beyond reality,85,26,OkHorror95,2025-06-16 11:49:26,https://www.reddit.com/r/dataengineering/comments/1lcqqh6/fabric_cost_is_beyond_reality/,False,False,False,False
1lkkjdf,"What's the thing with ""lakehouses"" and open table formats?",79,43,mr_tellok,2025-06-25 23:10:21,https://www.reddit.com/r/dataengineering/comments/1lkkjdf/whats_the_thing_with_lakehouses_and_open_table/,False,False,False,False
1lmmhz4,Will DuckLake overtake Iceberg?,80,93,mrocral,2025-06-28 13:11:52,https://www.reddit.com/r/dataengineering/comments/1lmmhz4/will_ducklake_overtake_iceberg/,False,False,False,False
1lc1ke2,Tired of Spark overhead; built a Polars catalog on Delta Lake.,76,36,Mission-Balance-4250,2025-06-15 14:25:24,https://www.reddit.com/r/dataengineering/comments/1lc1ke2/tired_of_spark_overhead_built_a_polars_catalog_on/,False,False,False,False
1lmdw0p,Semantic layer vs Semantic model,75,23,PresentationTop7288,2025-06-28 04:19:13,https://www.reddit.com/r/dataengineering/comments/1lmdw0p/semantic_layer_vs_semantic_model/,False,False,False,False
1lf1jky,Would I become irrelevant if I don't participate in the AI Race?,78,71,inglocines,2025-06-19 04:12:42,https://www.reddit.com/r/dataengineering/comments/1lf1jky/would_i_become_irrelevant_if_i_dont_participate/,False,False,False,False
1lvimuh,"From Analyst to Data Engineer, what should I focus mostly on to maximize my chances?",76,36,Shacken-Wan,2025-07-09 13:20:47,https://www.reddit.com/r/dataengineering/comments/1lvimuh/from_analyst_to_data_engineer_what_should_i_focus/,False,False,False,False
1lh2g76,Lead Data Engineer vs Data Architect – Which Track for Higher Salary?,69,40,Dull_Run1268,2025-06-21 17:50:03,https://www.reddit.com/r/dataengineering/comments/1lh2g76/lead_data_engineer_vs_data_architect_which_track/,False,False,False,False
1lxhtu0,"Anyone else sticking with Power User for dbt? The new ""official"" VS Code extension still feels like a buggy remake",76,41,causal_kazuki,2025-07-11 20:42:42,https://i.redd.it/12z6stl24bcf1.png,False,False,False,False
1lfz2f4,What's the fastest-growing data engineering platform in the US right now?,71,150,External-Originals,2025-06-20 08:46:57,https://www.reddit.com/r/dataengineering/comments/1lfz2f4/whats_the_fastestgrowing_data_engineering/,False,False,False,False
1le9ltm,Airflow vs Prefect vs Dagster – which one do you use and why?,70,29,CaramelEquivalent319,2025-06-18 05:58:33,https://www.reddit.com/r/dataengineering/comments/1le9ltm/airflow_vs_prefect_vs_dagster_which_one_do_you/,False,False,False,False
1lknorl,"Do you actually have a data strategy, or just a stack?",72,47,Data-Sleek,2025-06-26 01:38:36,https://www.reddit.com/r/dataengineering/comments/1lknorl/do_you_actually_have_a_data_strategy_or_just_a/,False,False,False,False
1lw9mod,"[META] Mods, can we also please remove all these kind of posts",67,16,jajatatodobien,2025-07-10 10:49:17,https://www.reddit.com/r/dataengineering/comments/1lw9mod/meta_mods_can_we_also_please_remove_all_these/,False,False,False,False
1lsxg99,difference between writing SQL queries or writing DataFrame code [in SPARK],64,32,kaifahmad111,2025-07-06 09:48:51,https://www.reddit.com/r/dataengineering/comments/1lsxg99/difference_between_writing_sql_queries_or_writing/,False,False,False,False
1lwc30f,"Why there aren’t databases for images, audio and video",66,73,akhilgod,2025-07-10 12:58:51,https://www.reddit.com/r/dataengineering/comments/1lwc30f/why_there_arent_databases_for_images_audio_and/,False,False,False,False
1lgr8xp,Update: Spark Playground - Tutorials & Coding Questions,62,9,guardian_apex,2025-06-21 07:58:02,https://v.redd.it/musdz9vsj88f1,False,False,False,False
1lcu0r5,"Manager skeptical of data warehouses, wants me to focus on PowerBI",61,49,Top-Preparation2986,2025-06-16 14:18:47,https://www.reddit.com/r/dataengineering/comments/1lcu0r5/manager_skeptical_of_data_warehouses_wants_me_to/,False,False,False,False
1loi51b,Feeling stuck with career.,63,20,amtamizhan-a,2025-06-30 20:21:47,https://www.reddit.com/r/dataengineering/comments/1loi51b/feeling_stuck_with_career/,False,False,False,False
1lhepme,I built a DuckDB extension that caches Snowflake queries for Instant SQL,65,18,dsiegs1,2025-06-22 03:51:41,https://www.reddit.com/r/dataengineering/comments/1lhepme/i_built_a_duckdb_extension_that_caches_snowflake/,False,False,False,False
1lptae2,[Advice] Is Data Engineering a Safe Career Choice in the Age of AI?,61,165,Physical_Position_63,2025-07-02 11:23:37,https://www.reddit.com/r/dataengineering/comments/1lptae2/advice_is_data_engineering_a_safe_career_choice/,False,False,False,False
1lupief,What’s currently the biggest bottleneck in your data stack?,62,86,GreenMobile6323,2025-07-08 14:08:07,https://www.reddit.com/r/dataengineering/comments/1lupief/whats_currently_the_biggest_bottleneck_in_your/,False,False,False,False
1ldtqzt,"""Start right. Shift left."" Is that just another marketing gimmick in data engineering?",59,21,santiviquez,2025-06-17 17:46:21,https://www.reddit.com/r/dataengineering/comments/1ldtqzt/start_right_shift_left_is_that_just_another/,False,False,False,False
1llee72,"Which sites, platforms or blogs do you regularly check to stay up to date, find insights, and satisfy your curiosity?",59,23,Xavio_M,2025-06-26 23:01:57,https://www.reddit.com/r/dataengineering/comments/1llee72/which_sites_platforms_or_blogs_do_you_regularly/,False,False,False,False
1lrsrdn,What tests do you do on your data pipeline?,57,52,mockingbean,2025-07-04 20:36:51,https://www.reddit.com/r/dataengineering/comments/1lrsrdn/what_tests_do_you_do_on_your_data_pipeline/,False,False,False,False
1lg6d3x,"Does anyone still think ""Schema on Read"" is a good idea?",60,34,rmoff,2025-06-20 15:08:34,https://www.reddit.com/r/dataengineering/comments/1lg6d3x/does_anyone_still_think_schema_on_read_is_a_good/,False,False,False,False
1lqu72n,What do you wish execs understood about data strategy?,53,43,Data-Sleek,2025-07-03 16:36:42,https://www.reddit.com/r/dataengineering/comments/1lqu72n/what_do_you_wish_execs_understood_about_data/,False,False,False,False
1ljblwa,Want to learn Pyspark but videos are boaring for me,54,29,According-Mud-6472,2025-06-24 13:49:10,https://www.reddit.com/r/dataengineering/comments/1ljblwa/want_to_learn_pyspark_but_videos_are_boaring_for/,False,False,False,False
1laz93k,What’s the best stack for Analytics Engineers?,55,29,LongCalligrapher2544,2025-06-14 03:45:47,https://www.reddit.com/r/dataengineering/comments/1laz93k/whats_the_best_stack_for_analytics_engineers/,False,False,False,False
1lsao2e,"Data People, Confess: Which soul-crushing task hijacks your week?",53,58,Special-Leadership75,2025-07-05 14:06:16,https://www.reddit.com/r/dataengineering/comments/1lsao2e/data_people_confess_which_soulcrushing_task/,False,False,False,False
1lf9sj2,"Which ETL tool is most reliable for enterprise use, especially when cost is a critical factor?",57,113,bloodychickentinola,2025-06-19 12:39:51,https://www.reddit.com/r/dataengineering/comments/1lf9sj2/which_etl_tool_is_most_reliable_for_enterprise/,False,False,False,False
1lteb5x,Transitioning from SQL Server/SSIS to Modern Data Engineering – What Else Should I Learn?,52,24,WasabiBobbie,2025-07-06 22:43:56,https://www.reddit.com/r/dataengineering/comments/1lteb5x/transitioning_from_sql_serverssis_to_modern_data/,False,False,False,False
1lo3q75,Snowflake Marketing a Bit Too Much,55,33,odaxify,2025-06-30 10:07:48,https://www.reddit.com/r/dataengineering/comments/1lo3q75/snowflake_marketing_a_bit_too_much/,False,False,False,False
1lxuj1h,How to move forward while feeling like a failure,52,31,thro0away12,2025-07-12 07:26:41,https://www.reddit.com/r/dataengineering/comments/1lxuj1h/how_to_move_forward_while_feeling_like_a_failure/,False,False,False,False
1lfhxcs,What I learned from the book Designing Data-Intensive Applications?,47,6,milanm08,2025-06-19 18:16:54,https://newsletter.techworld-with-milan.com/p/what-i-learned-from-the-book-designing,False,False,False,False
1ltwttw,What would be your dream architecture?,48,86,pvic234,2025-07-07 15:15:54,https://www.reddit.com/r/dataengineering/comments/1ltwttw/what_would_be_your_dream_architecture/,False,False,False,False
1lj7ws8,Is data mesh and data fabric a real thing?,46,35,thepenetrator,2025-06-24 10:50:24,https://www.reddit.com/r/dataengineering/comments/1lj7ws8/is_data_mesh_and_data_fabric_a_real_thing/,False,False,False,False
1lr1cb6,How do you handle deadlines when everything’s unpredictable?,45,36,shopnoakash2706,2025-07-03 21:24:52,https://www.reddit.com/r/dataengineering/comments/1lr1cb6/how_do_you_handle_deadlines_when_everythings/,False,False,False,False
1le4rs5,Confused about how polars is used in practice,47,23,Budget_Yoghurt_9348,2025-06-18 01:31:47,https://www.reddit.com/r/dataengineering/comments/1le4rs5/confused_about_how_polars_is_used_in_practice/,False,False,False,False
1lck2tc,Modern data engineering stack,46,20,RedFalcon13,2025-06-16 04:43:05,https://www.reddit.com/r/dataengineering/comments/1lck2tc/modern_data_engineering_stack/,False,False,False,False
1lbi0re,Roast my project: I created a data pipeline which matches all the rock climbing locations in England with hourly 7 day weather forecast. This is the backend,44,15,godz_ares,2025-06-14 20:16:52,https://www.reddit.com/r/dataengineering/comments/1lbi0re/roast_my_project_i_created_a_data_pipeline_which/,False,False,False,False
1lwxhkb,In the year of 2025: Do you know what a data product actually is? Or is it still a vague term?,45,35,Shontayyoustay,2025-07-11 04:16:13,https://www.reddit.com/r/dataengineering/comments/1lwxhkb/in_the_year_of_2025_do_you_know_what_a_data/,False,False,False,False
1ljmd4d,"We just released Firebolt Core - a free, self-hosted OLAP engine (debuting in the #1 spot on ClickBench)",42,7,FireboltCole,2025-06-24 20:40:30,https://www.reddit.com/r/dataengineering/comments/1ljmd4d/we_just_released_firebolt_core_a_free_selfhosted/,False,False,False,False
1lic170,"Moving from ETL Dev to modern DE stack (Snowflake, dbt, Python) — what should I learn next?",44,10,After_Holiday_4809,2025-06-23 09:19:43,https://www.reddit.com/r/dataengineering/comments/1lic170/moving_from_etl_dev_to_modern_de_stack_snowflake/,False,False,False,False
1lhshao,How important is a mentor early in your career?,42,32,jnrdataengineer2023,2025-06-22 16:48:06,https://www.reddit.com/r/dataengineering/comments/1lhshao/how_important_is_a_mentor_early_in_your_career/,False,False,False,False
1lbenix,Any airflow orchestrating DAGs tips?,42,18,Peivol,2025-06-14 17:51:11,https://www.reddit.com/r/dataengineering/comments/1lbenix/any_airflow_orchestrating_dags_tips/,False,False,False,False
1layv9w,Spark Declarative pipelines (formerly known as Databricks DLT) is now Open sourced,42,12,counterstruck,2025-06-14 03:24:29,https://www.reddit.com/r/dataengineering/comments/1layv9w/spark_declarative_pipelines_formerly_known_as/,False,False,False,False
1lxy8ha,How explain your job to regular people?,43,112,mean_king17,2025-07-12 11:31:11,https://www.reddit.com/r/dataengineering/comments/1lxy8ha/how_explain_your_job_to_regular_people/,False,False,False,False
1lnzzg9,Databricks fast way to be as much independent as possible.,43,15,Purple_Wrap9596,2025-06-30 05:58:22,https://www.reddit.com/r/dataengineering/comments/1lnzzg9/databricks_fast_way_to_be_as_much_independent_as/,False,False,False,False
1lj04uf,What testing should be used for data pipelines?,42,24,Interesting_Tea6963,2025-06-24 02:55:04,https://www.reddit.com/r/dataengineering/comments/1lj04uf/what_testing_should_be_used_for_data_pipelines/,False,False,False,False
1lehjiz,Do I need DSA as a data engineer?,40,44,Southern-Basis-6710,2025-06-18 13:46:55,https://www.reddit.com/r/dataengineering/comments/1lehjiz/do_i_need_dsa_as_a_data_engineer/,False,False,False,False
1lb13ep,Rendering 100 million rows at 120hz,41,29,Impressive_Run8512,2025-06-14 05:32:48,https://www.reddit.com/r/dataengineering/comments/1lb13ep/rendering_100_million_rows_at_120hz/,False,False,False,False
1lo8efl,Are fact tables really at the lowest grain?,39,36,Zestyclose-Will6041,2025-06-30 14:05:25,https://www.reddit.com/r/dataengineering/comments/1lo8efl/are_fact_tables_really_at_the_lowest_grain/,False,False,False,False
1lo3818,Anyone here with 3+ years experience in a different field who recently switched to Data Engineering?,41,12,Vast_Plant_3886,2025-06-30 09:35:40,https://www.reddit.com/r/dataengineering/comments/1lo3818/anyone_here_with_3_years_experience_in_a/,False,False,False,False
1liwt45,what is you favorite data visualization BI tool?,38,43,Zealousideal-Kale532,2025-06-24 00:11:15,https://www.reddit.com/r/dataengineering/comments/1liwt45/what_is_you_favorite_data_visualization_bi_tool/,False,False,False,False
1lgsowc,What is an ETL tool and other Data Engineering lingo,39,13,GoalSouthern6455,2025-06-21 09:38:47,https://www.reddit.com/r/dataengineering/comments/1lgsowc/what_is_an_etl_tool_and_other_data_engineering/,False,False,False,False
1ltpaxq,"Is there such a thing as  ""embedded Airflow""",38,29,ihatebeinganonymous,2025-07-07 09:01:33,https://www.reddit.com/r/dataengineering/comments/1ltpaxq/is_there_such_a_thing_as_embedded_airflow/,False,False,False,False
1ljhmh1,"Is our Azure-based data pipeline too simple, or just pragmatic",38,28,No-Interest5101,2025-06-24 17:39:54,https://www.reddit.com/r/dataengineering/comments/1ljhmh1/is_our_azurebased_data_pipeline_too_simple_or/,False,False,False,False
1lwwn2n,Resources for practicing SQL and Data Modeling,39,8,Ambitious_Donkey6605,2025-07-11 03:31:07,https://www.reddit.com/r/dataengineering/comments/1lwwn2n/resources_for_practicing_sql_and_data_modeling/,False,False,False,False
